id,created_at,lang,retweet_count,referenced_tweets_id,referenced_tweets_type,text,sent_label,sent_score,sadness,joy,fear,disgust,anger,qt_id,qt_text,sent_score_qt,sent_label_qt,sent_language_qt,sadness_qt,joy_qt,fear_qt,disgust_qt,anger_qt
1.50626E+18,,,,1.50598E+18,quoted,,negative,-0.324449,0.306388,0.269058,0.081607,0.059089,0.09912,1.50598E+18,,-0.826973,negative,,0.22529,0.005902,0.145091,0.069142,0.180004
1.50626E+18,,,,1.50598E+18,quoted,,negative,-0.324449,0.303003,0.266687,0.090253,0.060487,0.097465,1.50598E+18,,-0.826973,negative,,0.22529,0.005902,0.145091,0.069142,0.180004
1.50626E+18,,,,1.50591E+18,quoted,,positive,0.811509,0.126246,0.676414,0.038923,0.026884,0.021622,1.50591E+18,,0.674873,positive,,0.16509,0.422689,0.073048,0.068075,0.063774
1.50626E+18,,,,1.50601E+18,quoted,,negative,-0.900417,0.215871,0.275497,0.088815,0.205688,0.109462,1.50601E+18,,-0.999064,negative,,0.052812,0.001124,0.00634,0.672733,0.449049
1.50626E+18,,,,1.50626E+18,quoted,,positive,0.619029,0.109623,0.428889,0.033962,0.19877,0.0199,1.50626E+18,,0,neutral,,0.192451,0.41812,0.049969,0.218245,0.049404
1.50626E+18,,,,1.50626E+18,quoted,,negative,-0.338002,0.180811,0.290351,0.078627,0.046333,0.099506,1.50626E+18,,0.822476,positive,,0,0,0,0,0
1.50626E+18,,,,1.50626E+18,quoted,,negative,-0.5219,0.319052,0.186042,0.064404,0.073583,0.084719,1.50626E+18,,0,neutral,,0.192451,0.41812,0.049969,0.218245,0.049404
1.50626E+18,,,,1.50598E+18,quoted,,negative,-0.794901,0.244504,0.227108,0.086203,0.070154,0.188353,1.50598E+18,,-0.826973,negative,,0.22529,0.005902,0.145091,0.069142,0.180004
1.50626E+18,,,,1.50626E+18,quoted,,neutral,0,0.119452,0.037707,0.039613,0.367965,0.170367,1.50626E+18,,-0.605495,negative,,0.125143,0.29307,0.054248,0.208936,0.116107
1.50626E+18,,,,1.50625E+18,quoted,,neutral,0,0.117264,0.067821,0.028907,0.195453,0.036176,1.50625E+18,,0,neutral,,0.362297,0.130391,0.039506,0.106413,0.018735
1.50626E+18,,,,1.50626E+18,quoted,,positive,0.885453,0.099037,0.673449,0.052277,0.054478,0.037106,1.50626E+18,,-0.643643,negative,,0.112654,0.42196,0.050057,0.224779,0.038932
1.50626E+18,,,,1.50572E+18,quoted,,negative,-0.727481,0.18216,0.083037,0.044532,0.351349,0.26294,1.50572E+18,,-0.729176,negative,,0.203194,0.303844,0.058879,0.337604,0.052727
1.50627E+18,,,,1.50626E+18,quoted,,positive,0.808558,0.129186,0.524956,0.067034,0.077327,0.080759,1.50626E+18,,-0.8794,negative,,0.190149,0.180059,0.043154,0.500565,0.019771
1.50627E+18,,,,1.50627E+18,quoted,,positive,0.421862,0.110457,0.423939,0.100595,0.060201,0.05402,1.50627E+18,,0.683412,positive,,0.177496,0.125292,0.070529,0.084525,0.152149
1.50627E+18,,,,1.50626E+18,quoted,,negative,-0.564442,0.132527,0.279589,0.050682,0.217846,0.047716,1.50626E+18,,-0.961002,negative,,0.365055,0.005998,0.043643,0.65671,0.100636
1.50627E+18,,,,1.50627E+18,quoted,,positive,0.97304,0.096978,0.732508,0.052528,0.031129,0.032077,1.50627E+18,,0.930914,positive,,0.053645,0.761291,0.019279,0.065854,0.016475
1.50627E+18,,,,1.50627E+18,quoted,,negative,-0.767777,0.252879,0.00845,0.06648,0.135434,0.145409,1.50627E+18,,-0.656355,negative,,0.167019,0.094336,0.063953,0.102487,0.031845
1.50627E+18,,,,1.50598E+18,quoted,,positive,0.264473,0.167019,0.357237,0.056812,0.087436,0.167173,1.50598E+18,,-0.826973,negative,,0.22529,0.005902,0.145091,0.069142,0.180004
1.50627E+18,,,,1.50625E+18,quoted,,negative,-0.554548,0.241812,0.131484,0.087891,0.052337,0.067909,1.50625E+18,,0,neutral,,0.445309,0.207877,0.044004,0.083604,0.05694
1.50628E+18,,,,1.50626E+18,quoted,,neutral,0,0.148888,0.026747,0.0349,0.819356,0.047666,1.50626E+18,,0,undeterminated,,0,0,0,0,0
1.50628E+18,,,,1.50626E+18,quoted,,negative,-0.845942,0.165703,0.166025,0.077004,0.232129,0.060769,1.50626E+18,,-0.961002,negative,,0.365055,0.005998,0.043643,0.65671,0.100636
1.50628E+18,,,,1.50604E+18,quoted,,negative,-0.748646,0.22747,0.220733,0.052368,0.130033,0.090866,1.50604E+18,,0,neutral,,0.073218,0.517746,0.113328,0.006328,0.106773
1.50628E+18,,,,1.50627E+18,quoted,,positive,0.705192,0.108333,0.200213,0.083068,0.11378,0.123209,1.50627E+18,,-0.380023,negative,,0.231032,0.495718,0.040835,0.130828,0.080902
1.50628E+18,,,,1.50593E+18,quoted,,positive,0.464147,0.314307,0.243981,0.055744,0.135241,0.055511,1.50593E+18,,0.979633,positive,,0.130994,0.599707,0.06193,0.038796,0.034784
1.50628E+18,,,,1.5059E+18,quoted,,negative,-0.862069,0.203568,0.191689,0.104906,0.060188,0.0617,1.5059E+18,,0,neutral,,0.278741,0.294583,0.036096,0.203256,0.140683
1.50628E+18,,,,1.50599E+18,quoted,,positive,0.297806,0.086179,0.544395,0.090164,0.067133,0.042582,1.50599E+18,,0.984659,positive,,0.122075,0.484726,0.051873,0.233141,0.054591
1.50628E+18,,,,1.50626E+18,quoted,,negative,-0.848052,0.21259,0.251441,0.082427,0.183401,0.14753,1.50626E+18,,0,undeterminated,,0,0,0,0,0
1.50628E+18,,,,1.50626E+18,quoted,,negative,-0.34375,0.123627,0.296521,0.071647,0.173503,0.108788,1.50626E+18,,0,neutral,,0.192451,0.41812,0.049969,0.218245,0.049404
1.50628E+18,,,,1.50627E+18,quoted,,neutral,0,0.075347,0.265056,0.036245,0.27348,0.358236,1.50627E+18,,0,neutral,,0.113064,0.044482,0.022467,0.394204,0.07723
1.50628E+18,,,,1.50598E+18,quoted,,negative,-0.654182,0.18758,0.283649,0.076059,0.195514,0.149261,1.50598E+18,,-0.826973,negative,,0.22529,0.005902,0.145091,0.069142,0.180004
1.50628E+18,,,,1.50627E+18,quoted,,neutral,0,0.123821,0.238223,0.077747,0.164188,0.044336,1.50627E+18,,-0.714896,negative,,0.160378,0.120987,0.041789,0.193169,0.067434
1.50628E+18,,,,1.50625E+18,quoted,,negative,-0.954808,0.3831,0.072512,0.08833,0.168842,0.064539,1.50625E+18,,-0.916156,negative,,0.2145,0.280224,0.08167,0.09674,0.097436
1.50628E+18,,,,1.506E+18,quoted,,negative,-0.847982,0.390355,0.156395,0.179072,0.070448,0.113445,1.506E+18,,0,neutral,,0.119164,0.037885,0.016516,0.405676,0.074397
1.50628E+18,,,,1.50628E+18,quoted,,negative,-0.6979,0.208286,0.120026,0.07364,0.334523,0.12234,1.50628E+18,,-0.806136,negative,,0.270801,0.16483,0.031319,0.182809,0.142579
1.50628E+18,,,,1.50628E+18,quoted,,negative,-0.820502,0.189539,0.215665,0.051021,0.192965,0.060338,1.50628E+18,,0,neutral,,0.178663,0.331518,0.105542,0.043119,0.057846
1.50628E+18,,,,1.50626E+18,quoted,,neutral,0,0.099195,0.261542,0.039943,0.22652,0.083402,1.50626E+18,,-0.654168,negative,,0.395813,0.080114,0.0482,0.189255,0.038799
1.50629E+18,,,,1.50626E+18,quoted,,negative,-0.976277,0.199838,0.245743,0.045089,0.351309,0.089085,1.50626E+18,,0.963697,positive,,0.06265,0.912799,0.0236,0.089841,0.015067
1.50629E+18,,,,1.50628E+18,quoted,,neutral,0,0.095378,0.075818,0.058865,0.357173,0.240321,1.50628E+18,,0,neutral,,0.178663,0.331518,0.105542,0.043119,0.057846
1.50629E+18,,,,1.50603E+18,quoted,,positive,0.95317,0.16054,0.548746,0.079576,0.047959,0.050738,1.50603E+18,,-0.637821,negative,,0.333986,0.244246,0.065861,0.11254,0.085484
1.50629E+18,,,,1.50628E+18,quoted,,negative,-0.726481,0.293544,0.113682,0.074579,0.110758,0.203991,1.50628E+18,,0.611034,positive,,0.325058,0.301368,0.127341,0.047165,0.033655
1.50629E+18,,,,1.50628E+18,quoted,,negative,-0.687145,0.127858,0.08093,0.182812,0.507587,0.141049,1.50628E+18,,0,neutral,,0.196355,0.302872,0.061673,0.098415,0.046384
1.50629E+18,,,,1.50628E+18,quoted,,neutral,0,0.425495,0.145283,0.12189,0.040908,0.052732,1.50628E+18,,0,neutral,,0.178663,0.331518,0.105542,0.043119,0.057846
1.50629E+18,,,,1.50628E+18,quoted,,negative,-0.899459,0.099109,0.265442,0.213904,0.143777,0.079707,1.50628E+18,,0,neutral,,0.178663,0.331518,0.105542,0.043119,0.057846
1.50629E+18,,,,1.50628E+18,quoted,,negative,-0.632933,0.151968,0.022544,0.040702,0.228337,0.068477,1.50628E+18,,0.611034,positive,,0.325058,0.301368,0.127341,0.047165,0.033655
1.50629E+18,,,,1.50627E+18,quoted,,positive,0.837766,0.164538,0.391516,0.043716,0.059917,0.056256,1.50627E+18,,0.291625,positive,,0.167263,0.261748,0.040012,0.202735,0.054682
1.50629E+18,,,,1.5059E+18,quoted,,neutral,0,0.319078,0.405625,0.032905,0.126531,0.033892,1.5059E+18,,0,neutral,,0.358824,0.33798,0.034537,0.085974,0.127522
1.50629E+18,,,,1.50628E+18,quoted,,negative,-0.874494,0.132849,0.17907,0.055309,0.341291,0.125555,1.50628E+18,,0,neutral,,0.178663,0.331518,0.105542,0.043119,0.057846
1.50629E+18,,,,1.50628E+18,quoted,,negative,-0.587032,0.129848,0.229966,0.064806,0.115537,0.282774,1.50628E+18,,0,neutral,,0.084538,0.580203,0.071849,0.054449,0.019284
1.50629E+18,,,,1.50628E+18,quoted,,neutral,0,0.221734,0.178135,0.080861,0.135509,0.091076,1.50628E+18,,0,neutral,,0.178663,0.331518,0.105542,0.043119,0.057846
1.50629E+18,,,,1.506E+18,quoted,,negative,-0.758066,0.171715,0.178593,0.056193,0.325471,0.193582,1.506E+18,,0,neutral,,0.119164,0.037885,0.016516,0.405676,0.074397
1.50629E+18,,,,1.50628E+18,quoted,,neutral,0,0.362672,0.121802,0.077494,0.144666,0.076606,1.50628E+18,,0,neutral,,0.178663,0.331518,0.105542,0.043119,0.057846
1.50629E+18,,,,1.50628E+18,quoted,,neutral,0,0.163603,0.335264,0.101656,0.060846,0.032803,1.50628E+18,,0,neutral,,0.178663,0.331518,0.105542,0.043119,0.057846
1.50629E+18,,,,1.50605E+18,quoted,,negative,-0.864304,0.388316,0.202609,0.058389,0.09678,0.064418,1.50605E+18,,-0.903558,negative,,0.050533,0.019831,0.059011,0.644301,0.11573
1.5063E+18,,,,1.50628E+18,quoted,,negative,-0.806044,0.186768,0.172911,0.074547,0.136292,0.049112,1.50628E+18,,0,neutral,,0.178663,0.331518,0.105542,0.043119,0.057846
1.5063E+18,,,,1.50629E+18,quoted,,negative,-0.486647,0.31341,0.268829,0.074292,0.091778,0.093305,1.50629E+18,,-0.902362,negative,,0.135326,0.259934,0.058978,0.097874,0.075153
1.5063E+18,,,,1.50628E+18,quoted,,neutral,0,0.249468,0.179427,0.052934,0.304593,0.061964,1.50628E+18,,0,neutral,,0.178663,0.331518,0.105542,0.043119,0.057846
1.5063E+18,,,,1.50628E+18,quoted,,negative,-0.786808,0.1352,0.16206,0.116908,0.148483,0.149319,1.50628E+18,,0,neutral,,0.178663,0.331518,0.105542,0.043119,0.057846
1.5063E+18,,,,1.50628E+18,quoted,,neutral,0,0.151935,0.22881,0.21311,0.123183,0.056212,1.50628E+18,,0,neutral,,0.178663,0.331518,0.105542,0.043119,0.057846
1.5063E+18,,,,1.50628E+18,quoted,,negative,-0.312705,0.189087,0.174771,0.088438,0.162337,0.04767,1.50628E+18,,0,neutral,,0.178663,0.331518,0.105542,0.043119,0.057846
1.5063E+18,,,,1.50594E+18,quoted,,negative,-0.85574,0.302456,0.256382,0.044722,0.259631,0.282357,1.50594E+18,,-0.89672,negative,,0.105289,0.009648,0.076394,0.638741,0.066318
1.5063E+18,,,,1.50628E+18,quoted,,negative,-0.447424,0.413275,0.051009,0.105879,0.125033,0.10759,1.50628E+18,,0,neutral,,0.178663,0.331518,0.105542,0.043119,0.057846
1.5063E+18,,,,1.50163E+18,quoted,,positive,0.257184,0.299744,0.228368,0.051835,0.103914,0.06521,1.50163E+18,,0.913899,positive,,0.017493,0.990897,0.004835,0.01701,0.004018
1.5063E+18,,,,1.50628E+18,quoted,,negative,-0.863023,0.61459,0.145792,0.035974,0.19383,0.052946,1.50628E+18,,0,neutral,,0.178663,0.331518,0.105542,0.043119,0.057846
1.5063E+18,,,,1.50626E+18,quoted,,negative,-0.848784,0.129518,0.251655,0.057503,0.282965,0.127948,1.50626E+18,,0,neutral,,0.192451,0.41812,0.049969,0.218245,0.049404
1.5063E+18,,,,1.5063E+18,quoted,,positive,0.863438,0.608209,0.085659,0.037026,0.124059,0.02971,1.5063E+18,,0,neutral,,0.179892,0.339603,0.099835,0.038785,0.061219
1.5063E+18,,,,1.50628E+18,quoted,,positive,0.748277,0.107776,0.248899,0.068079,0.094731,0.086385,1.50628E+18,,-0.472235,negative,,0.249754,0.3787,0.020442,0.07387,0.038822
1.5063E+18,,,,1.50628E+18,quoted,,negative,-0.834098,0.261225,0.092951,0.041744,0.383588,0.089885,1.50628E+18,,0,neutral,,0.178663,0.331518,0.105542,0.043119,0.057846
1.5063E+18,,,,1.50627E+18,quoted,,positive,0.923049,0.147192,0.194529,0.06211,0.126311,0.208878,1.50627E+18,,0,neutral,,0.162579,0.086045,0.03845,0.191256,0.041202
1.5063E+18,,,,1.50627E+18,quoted,,neutral,0,0.323709,0.25889,0.128237,0.058393,0.06582,1.50627E+18,,0,neutral,,0.113057,0.436043,0.104533,0.027747,0.170161
1.5063E+18,,,,1.5063E+18,quoted,,negative,-0.98998,0.329543,0.290757,0.070873,0.058969,0.205075,1.5063E+18,,0,neutral,,0.259076,0.260509,0.073177,0.076707,0.096577
1.5063E+18,,,,1.50629E+18,quoted,,positive,0.305635,0.167724,0.333079,0.063911,0.131086,0.098652,1.50629E+18,,0.692603,positive,,0.103251,0.208441,0.251488,0.0845,0.301411
1.5063E+18,,,,1.5063E+18,quoted,,neutral,0,0.105798,0.152086,0.044653,0.651869,0.02745,1.5063E+18,,-0.589481,negative,,0.166737,0.265081,0.060453,0.093649,0.054479
1.50631E+18,,,,1.50628E+18,quoted,,positive,0.886315,0.233066,0.285556,0.051357,0.130425,0.155694,1.50628E+18,,0.481303,positive,,0.595863,0.114279,0.013316,0.085796,0.038854
1.50631E+18,,,,1.50629E+18,quoted,,negative,-0.914911,0.245483,0.053554,0.221775,0.133892,0.174575,1.50629E+18,,0.692603,positive,,0.103251,0.208441,0.251488,0.0845,0.301411
1.50631E+18,,,,1.50627E+18,quoted,,positive,0.881998,0.112128,0.653591,0.043746,0.06876,0.033247,1.50627E+18,,0.984987,positive,,0.231664,0.407576,0.068453,0.066075,0.048805
1.50631E+18,,,,1.50628E+18,quoted,,neutral,0,0.117329,0.237925,0.072077,0.364495,0.047202,1.50628E+18,,0,neutral,,0.178663,0.331518,0.105542,0.043119,0.057846
1.50631E+18,,,,1.50628E+18,quoted,,negative,-0.836581,0.336913,0.112084,0.080628,0.162695,0.124103,1.50628E+18,,0,neutral,,0.178663,0.331518,0.105542,0.043119,0.057846
1.50631E+18,,,,1.50629E+18,quoted,,negative,-0.807571,0.353343,0.159427,0.065762,0.126347,0.057489,1.50629E+18,,-0.902362,negative,,0.135326,0.259934,0.058978,0.097874,0.075153
1.50631E+18,,,,1.5063E+18,quoted,,negative,-0.751832,0.143444,0.235602,0.103891,0.150229,0.079609,1.5063E+18,,0,neutral,,0.259477,0.695559,0.036552,0.006444,0.100814
1.50631E+18,,,,1.50601E+18,quoted,,positive,0.959408,0.177973,0.328455,0.033486,0.083904,0.154699,1.50601E+18,,0.962474,positive,,0.084014,0.591596,0.041874,0.028581,0.04986
1.50631E+18,,,,1.3117E+18,quoted,,neutral,0,0.093246,0.359678,0.019998,0.12683,0.283842,1.3117E+18,,0,neutral,,0.118703,0.498714,0.021565,0.015518,0.048108
1.50631E+18,,,,1.50631E+18,quoted,,negative,-0.980349,0.306256,0.224249,0.047639,0.304082,0.041969,1.50631E+18,,-0.947763,negative,,0.292763,0.13637,0.161626,0.213796,0.053659
1.50631E+18,,,,1.5063E+18,quoted,,negative,-0.791616,0.4692,0.368556,0.013199,0.118718,0.05809,1.5063E+18,,0.81928,positive,,0,0,0,0,0
1.50631E+18,,,,1.50631E+18,quoted,,negative,-0.879084,0.245435,0.16491,0.039973,0.280401,0.100171,1.50631E+18,,-0.754784,negative,,0.288217,0.144285,0.067508,0.354628,0.054262
1.50631E+18,,,,1.50598E+18,quoted,,negative,-0.912678,0.110759,0.201341,0.066463,0.377558,0.059854,1.50598E+18,,-0.826973,negative,,0.22529,0.005902,0.145091,0.069142,0.180004
1.50631E+18,,,,1.50628E+18,quoted,,negative,-0.994325,0.120924,0.091176,0.068733,0.442129,0.103708,1.50628E+18,,0,neutral,,0.178663,0.331518,0.105542,0.043119,0.057846
1.50631E+18,,,,1.50629E+18,quoted,,neutral,0,0.170554,0.23171,0.121808,0.081469,0.03512,1.50629E+18,,-0.902362,negative,,0.135326,0.259934,0.058978,0.097874,0.075153
1.50631E+18,,,,1.50598E+18,quoted,,neutral,0,0.626813,0.021058,0.046354,0.181144,0.103142,1.50598E+18,,-0.826973,negative,,0.22529,0.005902,0.145091,0.069142,0.180004
1.50631E+18,,,,1.50631E+18,quoted,,neutral,0,0.294081,0.038664,0.06225,0.666752,0.053521,1.50631E+18,,0,neutral,,0.31719,0.15545,0.077489,0.0916,0.085584
1.50631E+18,,,,1.50627E+18,quoted,,negative,-0.592127,0.210544,0.287421,0.056334,0.087389,0.211467,1.50627E+18,,0.508052,positive,,0,0,0,0,0
1.50631E+18,,,,1.506E+18,quoted,,negative,-0.683336,0.181765,0.183245,0.030936,0.239358,0.018966,1.506E+18,,-0.901417,negative,,0.636294,0.012165,0.020586,0.177866,0.112509
1.50631E+18,,,,1.50631E+18,quoted,,negative,-0.327871,0.189128,0.312866,0.062787,0.07941,0.069528,1.50631E+18,,0,neutral,,0.129857,0.297559,0.114177,0.143764,0.042976
1.50631E+18,,,,1.50631E+18,quoted,,negative,-0.802613,0.289627,0.33507,0.08492,0.049635,0.045959,1.50631E+18,,-0.927719,negative,,0.140116,0.276279,0.044199,0.24622,0.111693
1.50632E+18,,,,1.50631E+18,quoted,,negative,-0.941446,0.211146,0.195933,0.133073,0.144044,0.061237,1.50631E+18,,-0.754784,negative,,0.288217,0.144285,0.067508,0.354628,0.054262
1.50632E+18,,,,1.50626E+18,quoted,,positive,0.977663,0.104122,0.573218,0.076269,0.047736,0.052365,1.50626E+18,,-0.643643,negative,,0.112654,0.42196,0.050057,0.224779,0.038932
1.50632E+18,,,,1.50632E+18,quoted,,neutral,0,0.13219,0.441276,0.054135,0.106615,0.064195,1.50632E+18,,0,neutral,,0.172739,0.227515,0.091671,0.291875,0.058178
1.50632E+18,,,,1.50604E+18,quoted,,negative,-0.536963,0.133113,0.245674,0.157869,0.253605,0.069332,1.50604E+18,,0,neutral,,0.098507,0.290833,0.074508,0.329604,0.044286
1.50632E+18,,,,1.50628E+18,quoted,,neutral,0,0.224195,0.174981,0.064356,0.236468,0.045798,1.50628E+18,,0,neutral,,0.178663,0.331518,0.105542,0.043119,0.057846
1.50632E+18,,,,1.50631E+18,quoted,,negative,-0.803072,0.118139,0.241082,0.059075,0.252088,0.161778,1.50631E+18,,-0.927719,negative,,0.140116,0.276279,0.044199,0.24622,0.111693
1.50632E+18,,,,1.50629E+18,quoted,,negative,-0.660735,0.134675,0.2889,0.030182,0.366804,0.187465,1.50629E+18,,-0.317393,negative,,0.16415,0.222482,0.151937,0.066834,0.069398
1.50632E+18,,,,1.50604E+18,quoted,,negative,-0.792438,0.205259,0.047691,0.060668,0.157167,0.022667,1.50604E+18,,0,neutral,,0.073218,0.517746,0.113328,0.006328,0.106773
1.50632E+18,,,,1.50598E+18,quoted,,negative,-0.804944,0.273909,0.192758,0.056828,0.125662,0.19845,1.50598E+18,,-0.826973,negative,,0.22529,0.005902,0.145091,0.069142,0.180004
1.50632E+18,,,,1.5063E+18,quoted,,negative,-0.632777,0.09305,0.261685,0.049463,0.223244,0.134388,1.5063E+18,,0,neutral,,0.138907,0.161569,0.031637,0.712918,0.040835
1.50632E+18,,,,1.50628E+18,quoted,,neutral,0,0.534735,0.099054,0.043172,0.310773,0.072476,1.50628E+18,,0,neutral,,0.178663,0.331518,0.105542,0.043119,0.057846
1.50632E+18,,,,1.50628E+18,quoted,,negative,-0.422775,0.062738,0.285077,0.067814,0.201611,0.016344,1.50628E+18,,0.611034,positive,,0.325058,0.301368,0.127341,0.047165,0.033655
1.50632E+18,,,,1.50628E+18,quoted,,neutral,0,0.232539,0.39736,0.048468,0.231091,0.037149,1.50628E+18,,0,neutral,,0.178663,0.331518,0.105542,0.043119,0.057846
1.50632E+18,,,,1.50628E+18,quoted,,neutral,0,0.147826,0.119553,0.032707,0.096444,0.067139,1.50628E+18,,-0.614807,negative,,0.039193,0.322731,0.085131,0.139656,0.054845
1.50632E+18,,,,1.50594E+18,quoted,,negative,-0.810714,0.205481,0.164287,0.071648,0.109868,0.087516,1.50594E+18,,-0.89672,negative,,0.105289,0.009648,0.076394,0.638741,0.066318
1.50633E+18,,,,1.50628E+18,quoted,,negative,-0.880928,0.210782,0.207769,0.066795,0.117151,0.15686,1.50628E+18,,0.611034,positive,,0.325058,0.301368,0.127341,0.047165,0.033655
1.50633E+18,,,,1.50632E+18,quoted,,negative,-0.801345,0.391863,0.196098,0.057661,0.12986,0.103062,1.50632E+18,,-0.611928,negative,,0.184346,0.179985,0.117973,0.090061,0.05771
1.50633E+18,,,,1.50628E+18,quoted,,negative,-0.591784,0.261634,0.158932,0.050407,0.18904,0.126814,1.50628E+18,,0,neutral,,0.178663,0.331518,0.105542,0.043119,0.057846
1.50633E+18,,,,1.50594E+18,quoted,,positive,0.962386,0.147127,0.361131,0.016415,0.10215,0.372981,1.50594E+18,,0,neutral,,0.515314,0.377941,0.087744,0.007128,0.034688
1.50633E+18,,,,1.50628E+18,quoted,,negative,-0.672751,0.148748,0.128481,0.077309,0.144979,0.086503,1.50628E+18,,0.611034,positive,,0.325058,0.301368,0.127341,0.047165,0.033655
1.50633E+18,,,,1.50633E+18,quoted,,negative,-0.837742,0.141812,0.194102,0.110016,0.147039,0.072424,1.50633E+18,,-0.938145,negative,,0.125439,0.228221,0.034042,0.503496,0.142488
1.50633E+18,,,,1.50628E+18,quoted,,negative,-0.79598,0.14326,0.243656,0.047247,0.146103,0.193888,1.50628E+18,,0.611034,positive,,0.325058,0.301368,0.127341,0.047165,0.033655
1.50633E+18,,,,1.50631E+18,quoted,,negative,-0.789495,0.238879,0.239791,0.113588,0.096799,0.13842,1.50631E+18,,-0.754784,negative,,0.288217,0.144285,0.067508,0.354628,0.054262
1.50633E+18,,,,1.50629E+18,quoted,,negative,-0.394985,0.226529,0.193053,0.048181,0.117025,0.238648,1.50629E+18,,-0.902362,negative,,0.135326,0.259934,0.058978,0.097874,0.075153
1.50633E+18,,,,1.50633E+18,quoted,,negative,-0.973526,0.677066,0.111866,0.041745,0.076276,0.10383,1.50633E+18,,-0.894801,negative,,0.350704,0.017302,0.072719,0.585518,0.092767
1.50633E+18,,,,1.50628E+18,quoted,,negative,-0.725825,0.271253,0.181674,0.069959,0.296578,0.055566,1.50628E+18,,0.611034,positive,,0.325058,0.301368,0.127341,0.047165,0.033655
1.50633E+18,,,,1.50633E+18,quoted,,neutral,0,0.158798,0.448543,0.024724,0.267003,0.124241,1.50633E+18,,0,neutral,,0.115969,0.09106,0.037195,0.582385,0.023111
1.50633E+18,,,,1.50631E+18,quoted,,negative,-0.629598,0.151901,0.301385,0.082636,0.247807,0.085156,1.50631E+18,,-0.927719,negative,,0.140116,0.276279,0.044199,0.24622,0.111693
1.50633E+18,,,,1.50628E+18,quoted,,negative,-0.498369,0.250795,0.256885,0.053847,0.081384,0.308224,1.50628E+18,,0,neutral,,0.178663,0.331518,0.105542,0.043119,0.057846
1.50633E+18,,,,1.50626E+18,quoted,,negative,-0.499664,0.312782,0.325808,0.024533,0.273755,0.071117,1.50626E+18,,-0.722099,negative,,0.118192,0.012892,0.013705,0.339385,0.244883
1.50633E+18,,,,1.50598E+18,quoted,,negative,-0.734446,0.155406,0.223721,0.064546,0.186116,0.143711,1.50598E+18,,-0.826973,negative,,0.22529,0.005902,0.145091,0.069142,0.180004
1.50633E+18,,,,1.50628E+18,quoted,,negative,-0.508291,0.179977,0.301679,0.032388,0.131643,0.162356,1.50628E+18,,0,neutral,,0.178663,0.331518,0.105542,0.043119,0.057846
1.50634E+18,,,,1.50598E+18,quoted,,neutral,0,0.138904,0.300631,0.146979,0.142209,0.082401,1.50598E+18,,-0.826973,negative,,0.22529,0.005902,0.145091,0.069142,0.180004
1.50634E+18,,,,1.50628E+18,quoted,,negative,-0.889338,0.288573,0.149673,0.067776,0.166267,0.128833,1.50628E+18,,0,neutral,,0.178663,0.331518,0.105542,0.043119,0.057846
1.50634E+18,,,,1.43528E+18,quoted,,negative,-0.585083,0.337398,0.172396,0.358916,0.019642,0.026658,1.43528E+18,,0.384691,positive,,0.310029,0.221042,0.131197,0.035329,0.058706
1.50634E+18,,,,1.5063E+18,quoted,,positive,0.88124,0.176096,0.547782,0.047391,0.045309,0.037716,1.5063E+18,,0,neutral,,0.102312,0.470683,0.059043,0.373702,0.022383
1.50634E+18,,,,1.50598E+18,quoted,,negative,-0.999363,0.124781,0.171984,0.228779,0.338009,0.041961,1.50598E+18,,-0.826973,negative,,0.22529,0.005902,0.145091,0.069142,0.180004
1.50634E+18,,,,1.50631E+18,quoted,,negative,-0.503641,0.117573,0.150858,0.061197,0.216459,0.141339,1.50631E+18,,-0.927719,negative,,0.140116,0.276279,0.044199,0.24622,0.111693
1.50634E+18,,,,1.5063E+18,quoted,,neutral,0,0.119483,0.265808,0.090931,0.307732,0.043567,1.5063E+18,,0,neutral,,0.125078,0.487418,0.032815,0.285936,0.06083
1.50634E+18,,,,1.50626E+18,quoted,,negative,-0.845862,0.148953,0.11366,0.08421,0.167093,0.258026,1.50626E+18,,-0.643643,negative,,0.112654,0.42196,0.050057,0.224779,0.038932
1.50634E+18,,,,1.50628E+18,quoted,,negative,-0.443193,0.110267,0.363137,0.065239,0.121312,0.071865,1.50628E+18,,0.611034,positive,,0.325058,0.301368,0.127341,0.047165,0.033655
1.50634E+18,,,,1.50634E+18,quoted,,negative,-0.986651,0.32783,0.230954,0.121384,0.132145,0.104032,1.50634E+18,,-0.862679,negative,,0.179773,0.145959,0.120178,0.558607,0.100015
1.50634E+18,,,,1.50628E+18,quoted,,negative,-0.986651,0.334853,0.236311,0.108677,0.132123,0.103059,1.50628E+18,,0,neutral,,0.165898,0.33707,0.105705,0.038637,0.059616
1.50634E+18,,,,1.50628E+18,quoted,,negative,-0.97962,0.182812,0.157062,0.02754,0.534901,0.301478,1.50628E+18,,0,neutral,,0.178663,0.331518,0.105542,0.043119,0.057846
1.50634E+18,,,,1.50611E+18,quoted,,negative,-0.869629,0.311737,0.321004,0.187904,0.059738,0.109856,1.50611E+18,,-0.509929,negative,,0.118482,0.21049,0.082878,0.186709,0.074518
1.50634E+18,,,,1.50634E+18,quoted,,positive,0.632962,0.070446,0.495662,0.057873,0.268523,0.062346,1.50634E+18,,0.746801,positive,,0.113376,0.550027,0.037359,0.175223,0.056715
1.50634E+18,,,,1.50628E+18,quoted,,neutral,0,0.141413,0.182377,0.075372,0.234649,0.056722,1.50628E+18,,0,neutral,,0.178663,0.331518,0.105542,0.043119,0.057846
1.50634E+18,,,,1.50629E+18,quoted,,neutral,0,0.233675,0.3425,0.09635,0.086751,0.060407,1.50629E+18,,-0.639422,negative,,0.282236,0.156483,0.096714,0.095344,0.048056
1.50634E+18,,,,1.50634E+18,quoted,,neutral,0,0.30705,0.254833,0.083589,0.120851,0.039617,1.50634E+18,,-0.790832,negative,,0.0127,0.384428,0.043998,0.745569,0.070626
1.50635E+18,,,,1.50628E+18,quoted,,negative,-0.886809,0.145002,0.407014,0.033808,0.187578,0.173916,1.50628E+18,,0,neutral,,0.178663,0.331518,0.105542,0.043119,0.057846
1.50635E+18,,,,1.50633E+18,quoted,,negative,-0.769268,0.120137,0.354152,0.061187,0.164039,0.082155,1.50633E+18,,-0.79143,negative,,0.161656,0.221498,0.038164,0.175603,0.28381
1.50635E+18,,,,1.50635E+18,quoted,,negative,-0.31393,0.249227,0.290075,0.092779,0.143875,0.047967,1.50635E+18,,0,undeterminated,,0,0,0,0,0
1.50635E+18,,,,1.50628E+18,quoted,,negative,-0.986651,0.337587,0.237259,0.110009,0.130836,0.102205,1.50628E+18,,0,neutral,,0.131524,0.35833,0.078347,0.121602,0.054665
1.50635E+18,,,,1.50631E+18,quoted,,negative,-0.964704,0.343468,0.203234,0.072245,0.167296,0.086811,1.50631E+18,,-0.927719,negative,,0.140116,0.276279,0.044199,0.24622,0.111693
1.50635E+18,,,,1.50635E+18,quoted,,negative,-0.846015,0.19198,0.243994,0.086139,0.029921,0.123864,1.50635E+18,,0,neutral,,0.141608,0.189689,0.080282,0.323315,0.096019
1.50635E+18,,,,1.5063E+18,quoted,,neutral,0,0.124727,0.283291,0.060291,0.13923,0.113946,1.5063E+18,,0,neutral,,0.259076,0.260509,0.073177,0.076707,0.096577
1.50635E+18,,,,1.50635E+18,quoted,,positive,0.387611,0.176677,0.219524,0.067237,0.082146,0.225252,1.50635E+18,,0,neutral,,0.137644,0.442702,0.043666,0.092728,0.03144
1.50635E+18,,,,1.50634E+18,quoted,,neutral,0,0.125933,0.476907,0.075369,0.052001,0.189124,1.50634E+18,,-0.984183,negative,,0.175923,0.175574,0.274419,0.087759,0.044493
1.50635E+18,,,,1.50628E+18,quoted,,negative,-0.557043,0.19465,0.124681,0.065149,0.141461,0.217779,1.50628E+18,,0,neutral,,0.178663,0.331518,0.105542,0.043119,0.057846
1.50635E+18,,,,1.50628E+18,quoted,,negative,-0.382137,0.170707,0.240477,0.08256,0.168835,0.209033,1.50628E+18,,0,neutral,,0.178663,0.331518,0.105542,0.043119,0.057846
1.50635E+18,,,,1.50634E+18,quoted,,neutral,0,0.051899,0.748043,0.042046,0.358931,0.04152,1.50634E+18,,0,neutral,,0,0,0,0,0
1.50635E+18,,,,1.50628E+18,quoted,,positive,0.739568,0.23447,0.453554,0.073443,0.150257,0.037106,1.50628E+18,,0.611034,positive,,0.325058,0.301368,0.127341,0.047165,0.033655
1.50635E+18,,,,1.50634E+18,quoted,,negative,-0.761843,0.14017,0.164371,0.064027,0.242068,0.217647,1.50634E+18,,-0.780168,negative,,0.187708,0.270035,0.080699,0.260371,0.056184
1.50635E+18,,,,1.50628E+18,quoted,,negative,-0.673947,0.245192,0.144684,0.060629,0.293748,0.114385,1.50628E+18,,0,neutral,,0.178663,0.331518,0.105542,0.043119,0.057846
1.50635E+18,,,,1.50635E+18,quoted,,negative,-0.908325,0.344032,0.196627,0.101518,0.086406,0.133794,1.50635E+18,,-0.60616,negative,,0.194099,0.235706,0.091561,0.122861,0.060533
1.50635E+18,,,,1.50628E+18,quoted,,negative,-0.315686,0.176099,0.421075,0.0551,0.135637,0.126148,1.50628E+18,,0,neutral,,0.178663,0.331518,0.105542,0.043119,0.057846
1.50635E+18,,,,1.50634E+18,quoted,,negative,-0.349333,0.10259,0.289072,0.090989,0.223826,0.071884,1.50634E+18,,-0.76753,negative,,0.042033,0.039471,0.063702,0.405626,0.32933
1.50635E+18,,,,1.50634E+18,quoted,,neutral,0,0.304538,0.264,0.078577,0.079605,0.045488,1.50634E+18,,-0.968259,negative,,0.238198,0.22363,0.067206,0.129881,0.063344
1.50635E+18,,,,1.50598E+18,quoted,,negative,-0.794571,0.130518,0.294994,0.050916,0.124322,0.121265,1.50598E+18,,-0.826973,negative,,0.22529,0.005902,0.145091,0.069142,0.180004
1.50635E+18,,,,1.50631E+18,quoted,,negative,-0.806687,0.110879,0.11777,0.046161,0.113272,0.482198,1.50631E+18,,-0.754784,negative,,0.288217,0.144285,0.067508,0.354628,0.054262
1.50635E+18,,,,1.50635E+18,quoted,,positive,0.558434,0.191408,0.340794,0.048041,0.15478,0.043142,1.50635E+18,,0,neutral,,0.398042,0.110133,0.029385,0.120506,0.070421
1.50636E+18,,,,1.50611E+18,quoted,,negative,-0.971827,0.175304,0.15985,0.066808,0.089828,0.255094,1.50611E+18,,0,neutral,,0.187918,0.422929,0.112885,0.030552,0.07133
1.50636E+18,,,,1.5053E+18,quoted,,neutral,0,0.116261,0.242227,0.076419,0.175411,0.295673,1.5053E+18,,0,neutral,,0.137677,0.104413,0.034079,0.303822,0.085429
1.50636E+18,,,,1.50628E+18,quoted,,positive,0.34349,0.17593,0.253506,0.075288,0.148402,0.103032,1.50628E+18,,-0.273387,negative,,0.198949,0.033242,0.046742,0.131849,0.073559
1.50636E+18,,,,1.50635E+18,quoted,,neutral,0,0.09168,0.435732,0.252403,0.211676,0.071482,1.50635E+18,,0,neutral,,0.2455,0.245903,0.085478,0.125391,0.067818
1.50636E+18,,,,1.50632E+18,quoted,,negative,-0.679353,0.26981,0.317707,0.068623,0.223985,0.03656,1.50632E+18,,-0.911369,negative,,0.16648,0.006011,0.022123,0.487797,0.065526
1.50636E+18,,,,1.50634E+18,quoted,,positive,0.381204,0.135063,0.400331,0.047049,0.122533,0.074634,1.50634E+18,,-0.862679,negative,,0.179773,0.145959,0.120178,0.558607,0.100015
1.50636E+18,,,,1.50599E+18,quoted,,negative,-0.581696,0.173956,0.357279,0.073528,0.160075,0.08039,1.50599E+18,,0.984659,positive,,0.122075,0.484726,0.051873,0.233141,0.054591
1.50636E+18,,,,1.50632E+18,quoted,,negative,-0.545265,0.152296,0.217939,0.079357,0.144668,0.066561,1.50632E+18,,-0.492293,negative,,0.26155,0.272579,0.080286,0.087985,0.083908
1.50636E+18,,,,1.50628E+18,quoted,,negative,-0.685682,0.29658,0.24978,0.064387,0.102052,0.076599,1.50628E+18,,0,neutral,,0.178663,0.331518,0.105542,0.043119,0.057846
1.50636E+18,,,,1.50602E+18,quoted,,negative,-0.634538,0.183959,0.366668,0.027143,0.111307,0.244547,1.50602E+18,,-0.544832,negative,,0.286246,0.377387,0.078078,0.036834,0.053327
1.50636E+18,,,,1.50603E+18,quoted,,positive,0.722284,0.170194,0.221516,0.132608,0.096723,0.057798,1.50603E+18,,0.484683,positive,,0.12153,0.430557,0.042209,0.108892,0.240318
1.50636E+18,,,,1.50636E+18,quoted,,negative,-0.820813,0.247786,0.193959,0.053635,0.144544,0.266228,1.50636E+18,,-0.852924,negative,,0.184129,0.249277,0.101974,0.07851,0.12104
1.50636E+18,,,,1.48235E+18,quoted,,negative,-0.925372,0.253085,0.190821,0.086577,0.280082,0.08165,1.48235E+18,,-0.636566,negative,,0.290308,0.233379,0.060372,0.098396,0.154756
1.50636E+18,,,,1.50602E+18,quoted,,negative,-0.626859,0.088585,0.299776,0.069149,0.433685,0.132373,1.50602E+18,,-0.703996,negative,,0.208288,0.359801,0.081103,0.087208,0.112465
1.50636E+18,,,,1.50635E+18,quoted,,neutral,0,0.241042,0.130551,0.066357,0.355891,0.063501,1.50635E+18,,-0.831395,negative,,0.104972,0.098587,0.04142,0.157397,0.106012
1.50636E+18,,,,1.50628E+18,quoted,,negative,-0.719734,0.123846,0.38182,0.064413,0.302897,0.070724,1.50628E+18,,0,neutral,,0.178663,0.331518,0.105542,0.043119,0.057846
1.50636E+18,,,,1.50635E+18,quoted,,neutral,0,0.060592,0.325772,0.041873,0.047606,0.056237,1.50635E+18,,-0.991174,negative,,0.245649,0.076832,0.049778,0.480875,0.090942
1.50636E+18,,,,1.50632E+18,quoted,,neutral,0,0.099111,0.75825,0.029738,0.087102,0.042192,1.50632E+18,,-0.765438,negative,,0.542852,0.071982,0.281616,0.024395,0.038014
1.50636E+18,,,,1.50627E+18,quoted,,neutral,0,0.06485,0.32972,0.039636,0.043321,0.055744,1.50627E+18,,-0.808401,negative,,0.171466,0.113875,0.286691,0.121241,0.038855
1.50636E+18,,,,1.50636E+18,quoted,,positive,0.349394,0.12054,0.269176,0.097175,0.114053,0.060535,1.50636E+18,,-0.731924,negative,,0.109214,0.008225,0.067825,0.273379,0.226793
1.50636E+18,,,,1.50625E+18,quoted,,negative,-0.413881,0.284154,0.436124,0.076092,0.051011,0.034273,1.50625E+18,,0.479554,positive,,0.147708,0.460291,0.051227,0.1558,0.06849
1.50636E+18,,,,1.50631E+18,quoted,,negative,-0.986651,0.331847,0.261248,0.10907,0.131022,0.101991,1.50631E+18,,-0.754784,negative,,0.288217,0.144285,0.067508,0.354628,0.054262
1.50636E+18,,,,1.50618E+18,quoted,,negative,-0.822846,0.222433,0.142436,0.075903,0.202448,0.120319,1.50618E+18,,-0.951944,negative,,0.096227,0.259271,0.10378,0.207678,0.31145
1.50636E+18,,,,1.5063E+18,quoted,,positive,0.532202,0.122696,0.630138,0.017584,0.037923,0.045203,1.5063E+18,,0.62383,positive,,0.605893,0.337409,0.029019,0.038215,0.081159
1.50636E+18,,,,1.45927E+18,quoted,,neutral,0,0.133064,0.238258,0.087718,0.297501,0.050074,1.45927E+18,,0.955814,positive,,0.085263,0.824035,0.022211,0.029599,0.02699
1.50636E+18,,,,1.50596E+18,quoted,,negative,-0.886735,0.14266,0.141446,0.051857,0.60586,0.079015,1.50596E+18,,-0.846293,negative,,0.082491,0.102091,0.025769,0.550188,0.07039
1.50637E+18,,,,1.50635E+18,quoted,,negative,-0.452423,0.338348,0.116983,0.067578,0.164851,0.162394,1.50635E+18,,0.415758,positive,,0.208049,0.258137,0.036689,0.22177,0.059527
1.50637E+18,,,,1.50626E+18,quoted,,neutral,0,0.246352,0.180082,0.090326,0.150012,0.089651,1.50626E+18,,-0.615716,negative,,0.118123,0.028639,0.029736,0.317203,0.676649
1.50637E+18,,,,1.50635E+18,quoted,,positive,0.748927,0.203835,0.429392,0.097496,0.064984,0.151772,1.50635E+18,,-0.848894,negative,,0.345516,0.194376,0.143434,0.07579,0.045454
1.50637E+18,,,,1.5062E+18,quoted,,negative,-0.703629,0.176644,0.149167,0.133803,0.396289,0.127343,1.5062E+18,,-0.695715,negative,,0.180869,0.107069,0.062652,0.296698,0.164349
1.50637E+18,,,,1.50598E+18,quoted,,negative,-0.695044,0.189623,0.222035,0.061611,0.221992,0.140825,1.50598E+18,,-0.826973,negative,,0.22529,0.005902,0.145091,0.069142,0.180004
1.50637E+18,,,,1.50635E+18,quoted,,neutral,0,0.149224,0.223611,0.102927,0.113451,0.060146,1.50635E+18,,0,neutral,,0.137644,0.442702,0.043666,0.092728,0.03144
1.50637E+18,,,,1.50631E+18,quoted,,negative,-0.782331,0.354074,0.084316,0.102657,0.138892,0.134698,1.50631E+18,,-0.927719,negative,,0.140116,0.276279,0.044199,0.24622,0.111693
1.50637E+18,,,,1.50636E+18,quoted,,neutral,0,0.112422,0.447845,0.084113,0.186685,0.070901,1.50636E+18,,-0.932059,negative,,0.207004,0.208312,0.088181,0.08179,0.243858
1.50637E+18,,,,1.50636E+18,quoted,,negative,-0.712147,0.148936,0.375856,0.053085,0.268995,0.130366,1.50636E+18,,-0.834598,negative,,0.177777,0.145811,0.090879,0.210028,0.124064
1.50637E+18,,,,1.50635E+18,quoted,,negative,-0.940011,0.542889,0.176153,0.045516,0.137938,0.065623,1.50635E+18,,-0.848894,negative,,0.345516,0.194376,0.143434,0.07579,0.045454
1.50637E+18,,,,1.50635E+18,quoted,,negative,-0.777631,0.317384,0.136042,0.095356,0.16295,0.092138,1.50635E+18,,-0.848894,negative,,0.345516,0.194376,0.143434,0.07579,0.045454
1.50637E+18,,,,1.50628E+18,quoted,,negative,-0.957647,0.085214,0.228216,0.049297,0.15703,0.163502,1.50628E+18,,0,neutral,,0.178663,0.331518,0.105542,0.043119,0.057846
1.50637E+18,,,,1.50637E+18,quoted,,negative,-0.616723,0.41458,0.236778,0.062542,0.072493,0.134019,1.50637E+18,,-0.550177,negative,,0.157766,0.225259,0.071555,0.369247,0.100999
1.50637E+18,,,,1.50635E+18,quoted,,positive,0.445611,0.13936,0.330012,0.087491,0.063084,0.071827,1.50635E+18,,0,neutral,,0.137644,0.442702,0.043666,0.092728,0.03144
1.50637E+18,,,,1.50637E+18,quoted,,negative,-0.903985,0.230631,0.208447,0.13747,0.078252,0.25841,1.50637E+18,,-0.886035,negative,,0.509876,0.07976,0.069592,0.113193,0.105738
1.50637E+18,,,,1.50596E+18,quoted,,positive,0.885469,0.083249,0.642775,0.028984,0.098414,0.059998,1.50596E+18,,0.974553,positive,,0.113576,0.293457,0.051437,0.105318,0.225772
